Workbook

Sheet Итог
A1: Вводные данные | B1: Значения
A2: N | B2: 1000
A3: MDE | B3: 1000
A4: Итоговые результаты:
A5: Прирост выручки | B5: =SUM(Положительные!O2:O18) -> 26363320
A6: Падение выручки | B6: =SUM(Отрицательные!O2:O4) -> -2561374.4
A7: Баланс | B7: =SUM(B5:B6) -> 23801945
A8: Количество наблюдений | B8: =SUM(Нейтральные!O2:O32) -> 4259.6848

Sheet Положительные
A1: city | B1: id_trading_point | C1: count_test | D1: count_control | E1: count_all | F1: percent_count | G1: avg_payment_test | H1: avg_payment_control | I1: diff | J1: sigma_test | K1: sigma_control | L1: ttest | M1: pvalue_ttest | N1: label | O1: Выгода
A2: Казань | B2: 991 | C2: 270 | D2: 294 | E2: 564 | F2: 1.2445386 | G2: 3249.2815 | H2: 2452.9864 | I2: 796.29509 | J2: 4719.5926 | K2: 3633.9359 | L2: 2.2308162 | M2: 0.026132234 | N2: положительный | O2: =I2*F2*Итог!$B$2 -> 991019.97
A3: Санкт-Петербург | B3: 453 | C3: 1066 | D3: 1049 | E3: 2115 | F3: 4.6670197 | G3: 2501.9662 | H3: 1889.9237 | I3: 612.04249 | J3: 2993.4425 | K3: 2648.6593 | L3: 4.9817858 | M3: 6.817398e-07 | N3: положительный | O3: =I3*F3*Итог!$B$2 -> 2856414.4
A4: Москва | B4: 2652 | C4: 2273 | D4: 2370 | E4: 4643 | F4: 10.245377 | G4: 2506.6168 | H4: 1972.8477 | I4: 533.76913 | J4: 2842.1829 | K4: 2565.8782 | L4: 6.707929 | M4: 2.215658e-11 | N4: положительный | O4: =I4*F4*Итог!$B$2 -> 5468666
A5: Владимир | B5: 11 | C5: 509 | D5: 608 | E5: 1117 | F5: 2.4648043 | G5: 2547.22 | H5: 2108.6102 | I5: 438.60984 | J5: 3023.7022 | K5: 2663.0384 | L5: 2.5482348 | M5: 0.010972397 | N5: положительный | O5: =I5*F5*Итог!$B$2 -> 1081087.4
A6: Москва | B6: 1287 | C6: 370 | D6: 357 | E6: 727 | F6: 1.6042191 | G6: 2128.5568 | H6: 1394.6555 | I6: 733.90129 | J6: 2437.3765 | K6: 2338.4618 | L6: 4.143368 | M6: 3.8262008e-05 | N6: положительный | O6: =I6*F6*Итог!$B$2 -> 1177338.5
A7: Санкт-Петербург | B7: 801 | C7: 225 | D7: 212 | E7: 437 | F7: 0.96429675 | G7: 2925.1422 | H7: 2352.283 | I7: 572.8592 | J7: 2774.2921 | K7: 2928.2858 | L7: 2.0966141 | M7: 0.036612172 | N7: положительный | O7: =I7*F7*Итог!$B$2 -> 552406.27
A8: Самара | B8: 33 | C8: 232 | D8: 258 | E8: 490 | F8: 1.0812481 | G8: 4598.2198 | H8: 2311.3876 | I8: 2286.8322 | J8: 2931.2349 | K8: 2371.7713 | L8: 9.4276462 | M8: 2.3303731e-19 | N8: положительный | O8: =I8*F8*Итог!$B$2 -> 2472632.9
A9: Самара | B9: 34 | C9: 225 | D9: 253 | E9: 478 | F9: 1.0547685 | G9: 3104.5067 | H9: 1752.6087 | I9: 1351.898 | J9: 2956.8269 | K9: 2529.7008 | L9: 5.3375523 | M9: 1.5066305e-07 | N9: положительный | O9: =I9*F9*Итог!$B$2 -> 1425939.4
A10: Санкт-Петербург | B10: 573 | C10: 177 | D10: 160 | E10: 337 | F10: 0.74363388 | G10: 2929.0452 | H10: 1641.2125 | I10: 1287.8327 | J10: 3201.0981 | K10: 2619.0448 | L10: 4.0570154 | M10: 6.2017129e-05 | N10: положительный | O10: =I10*F10*Итог!$B$2 -> 957676.02
A11: Санкт-Петербург | B11: 900 | C11: 335 | D11: 341 | E11: 676 | F11: 1.491681 | G11: 2450.991 | H11: 1689.7918 | I11: 761.19926 | J11: 2865.6074 | K11: 2492.4726 | L11: 3.6823738 | M11: 0.00025003859 | N11: положительный | O11: =I11*F11*Итог!$B$2 -> 1135466.5
A12: Самара | B12: 35 | C12: 214 | D12: 194 | E12: 408 | F12: 0.90030451 | G12: 2762.2243 | H12: 1508.8351 | I12: 1253.3892 | J12: 2977.0835 | K12: 2184.8081 | L12: 4.8780315 | M12: 1.5643435e-06 | N12: положительный | O12: =I12*F12*Итог!$B$2 -> 1128432
A13: Санкт-Петербург | B13: 117 | C13: 625 | D13: 587 | E13: 1212 | F13: 2.674434 | G13: 2582.2976 | H13: 2050.6917 | I13: 531.60595 | J13: 2835.0045 | K13: 2595.7378 | L13: 3.4075863 | M13: 0.00067695551 | N13: положительный | O13: =I13*F13*Итог!$B$2 -> 1421745
... A18: Москва | B18: 1002 | C18: 138 | D18: 188 | E18: 326 | F18: 0.71936096 | G18: 4121.7536 | H18: 1844.7872 | I18: 2276.9664 | J18: 4084.2632 | K18: 2436.5361 | L18: 5.8315445 | M18: 2.0811215e-08 | N18: положительный | O18: =I18*F18*Итог!$B$2 -> 1637960.7

Sheet Отрицательные
A1: city | B1: id_trading_point | C1: count_test | D1: count_control | E1: count_all | F1: percent_count | G1: avg_payment_test | H1: avg_payment_control | I1: diff | J1: sigma_test | K1: sigma_control | L1: ttest | M1: pvalue_ttest | N1: label | O1: Потери
A2: Волгоград | B2: 66 | C2: 657 | D2: 703 | E2: 1360 | F2: 3.001015 | G2: 2288.8706 | H2: 2601.761 | I2: -312.8904 | J2: 2682.5676 | K2: 2830.1938 | L2: -2.0930602 | M2: 0.036528982 | N2: отрицательный | O2: =I2*F2*Итог!$B$2 -> -938988.8
A3: Краснодар | B3: 1101 | C3: 785 | D3: 869 | E3: 1654 | F3: 3.6497639 | G3: 2176.0038 | H3: 2523.5788 | I3: -347.575 | J3: 2722.6245 | K3: 2960.3523 | L3: -2.4872701 | M3: 0.012970822 | N3: отрицательный | O3: =I3*F3*Итог!$B$2 -> -1268566.7
A4: Москва | B4: 9931 | C4: 153 | D4: 137 | E4: 290 | F4: 0.63992233 | G4: 1415.7843 | H4: 1968.6934 | I4: -552.90912 | J4: 2038.1642 | K4: 2403.3979 | L4: -2.100116 | M4: 0.036653069 | N4: отрицательный | O4: =I4*F4*Итог!$B$2 -> -353818.89

Sheet Нейтральные
A1: city | B1: id_trading_point | C1: count_test | D1: count_control | E1: count_all | F1: percent_count | G1: avg_payment_test | H1: avg_payment_control | I1: diff | J1: sigma_test | K1: sigma_control | L1: ttest | M1: pvalue_ttest | N1: label | O1: Расчёт
A2: Красноярск | B2: 212 | C2: 593 | D2: 575 | E2: 1168 | F2: 2.5773423 | G2: 2144.317 | H2: 2222.0522 | I2: -77.735142 | J2: 2708.5887 | K2: 2785.1163 | L2: -0.48337766 | M2: 0.62891867 | N2: нейтральный | O2: =16*J2^2 / Итог!$B$3^2 -> 117.38325
A3: Мурманск | B3: 54 | C3: 633 | D3: 640 | E3: 1273 | F3: 2.8090384 | G3: 1702.7141 | H3: 1688.5125 | I3: 14.20156 | J3: 2565.1324 | K3: 2628.0125 | L3: 0.097568657 | M3: 0.9222902 | N3: нейтральный | O3: =16*J3^2 / Итог!$B$3^2 -> 105.27847
A4: Красноярск | B4: 278 | C4: 535 | D4: 489 | E4: 1024 | F4: 2.2595878 | G4: 2499.3458 | H4: 2185.2147 | I4: 314.13107 | J4: 2915.9953 | K4: 2574.9156 | L4: 1.8304259 | M4: 0.067477716 | N4: нейтральный | O4: =16*J4^2 / Итог!$B$3^2 -> 136.04846
A5: Москва | B5: 6543 | C5: 662 | D5: 689 | E5: 1351 | F5: 2.9811554 | G5: 1702.4396 | H5: 1528.3251 | I5: 174.11447 | J5: 2453.9017 | K5: 2338.5221 | L5: 1.3340927 | M5: 0.18240039 | N5: нейтральный | O5: =16*J5^2 / Итог!$B$3^2 -> 96.346138
A6: Казань | B6: 699 | C6: 482 | D6: 494 | E6: 976 | F6: 2.1536696 | G6: 2422.2863 | H6: 2574.3522 | I6: -152.06592 | J6: 3906.8179 | K6: 4082.8514 | L6: -0.59457605 | M6: 0.55226503 | N6: нейтральный | O6: =16*J6^2 / Итог!$B$3^2 -> 244.21162
A7: Казань | B7: 477 | C7: 382 | D7: 386 | E7: 768 | F7: 1.6946909 | G7: 2259.623 | H7: 2496.987 | I7: -237.36401 | J7: 3482.8461 | K7: 3881.9947 | L7: -0.89209603 | M7: 0.37262428 | N7: нейтральный | O7: =16*J7^2 / Итог!$B$3^2 -> 194.08347
A8: Казань | B8: 544 | C8: 377 | D8: 416 | E8: 793 | F8: 1.7498566 | G8: 2621.4271 | H8: 2635.5481 | I8: -14.121021 | J8: 3714.8948 | K8: 4639.8207 | L8: -0.047506013 | M8: 0.96212211 | N8: нейтральный | O8: =16*J8^2 / Итог!$B$3^2 -> 220.80709
A9: Саратов | B9: 80 | C9: 844 | D9: 880 | E9: 1724 | F9: 3.8042279 | G9: 2517.3306 | H9: 2511.9727 | I9: 5.3578414 | J9: 2797.123 | K9: 2824.7199 | L9: 0.039566202 | M9: 0.96844356 | N9: нейтральный | O9: =16*J9^2 / Итог!$B$3^2 -> 125.18236
A10: Тольятти | B10: 88 | C10: 190 | D10: 167 | E10: 357 | F10: 0.78776645 | G10: 2902.4105 | H10: 2439.4611 | I10: 462.94945 | J10: 3074.6489 | K10: 2689.3431 | L10: 1.5175501 | M10: 0.13001786 | N10: нейтральный | O10: =16*J10^2 / Итог!$B$3^2 -> 151.25545
A11: Тюмень | B11: 19 | C11: 130 | D11: 146 | E11: 276 | F11: 0.60902952 | G11: 2043.8231 | H11: 1743.3767 | I11: 300.44636 | J11: 2442.2668 | K11: 2891.3334 | L11: 0.93551606 | M11: 0.3503484 | N11: нейтральный | O11: =16*J11^2 / Итог!$B$3^2 -> 95.434673
A12: Санкт-Петербург | B12: 112 | C12: 652 | D12: 683 | E12: 1335 | F12: 2.9458493 | G12: 2488.115 | H12: 2218.6369 | I12: 269.47813 | J12: 2778.1792 | K12: 2780.7907 | L12: 1.7707507 | M12: 0.076831142 | N12: нейтральный | O12: =16*J12^2 / Итог!$B$3^2 -> 123.49247
A13: Санкт-Петербург | B13: 394 | C13: 104 | D13: 85 | E13: 189 | F13: 0.41705283 | G13: 1229.6442 | H13: 973.62353 | I13: 256.0207 | J13: 2208.2278 | K13: 1940.8548 | L13: 0.84775118 | M13: 0.3976662 | N13: нейтральный | O13: =16*J13^2 / Итог!$B$3^2 -> 78.020323
... A32: Москва | B32: 3786 | C32: 237 | D32: 278 | E32: 515 | F32: 1.1364138 | G32: 2613.6835 | H32: 2688.2302 | I32: -74.546672 | J32: 2712.2359 | K32: 3292.9376 | L32: -0.28167124 | M32: 0.77830932 | N32: нейтральный | O32: =16*J32^2 / Итог!$B$3^2 -> 117.69957
